state2,distance
Alabama,223.74933946774405
Arizona,3090.6378199186684
Arkansas,895.5322444056538
California,4130.538510275533
Colorado,2296.9016171940366
Connecticut,1307.5706360010886
Florida,0
Oregon,4291.900952145623