state2,distance
Alabama,4077.3821775962833
Arizona,1348.7170068790763
Arkansas,3417.8319636981573
California,415.9506567563833
Colorado,2018.369869710033
Connecticut,5596.857166768186
Florida,4291.900952145623
Oregon,0